company,url
Amazon,https://www.amazon.jobs/en/search?offset=0&result_limit=10&sort=recent&job_type%5B%5D=Full-Time&country%5B%5D=USA&industry_experience=one_to_three_years&latitude=&longitude=&loc_group_id=&loc_query=&base_query=Software%20Engineer&city=&country=&region=&county=&query_options=&
Amazon_New_Grad,https://www.amazon.jobs/en/search?offset=0&result_limit=50&sort=recent&job_type%5B%5D=Full-Time&country%5B%5D=USA&industry_experience=less_than_1_year&latitude=&longitude=&loc_group_id=&loc_query=&base_query=Software%20Engineer&city=&country=&region=&county=&query_options=&
microsoft,https://apply.careers.microsoft.com/careers?query=Engineer&start=0&location=United+States&pid=1970393556621451&sort_by=timestamp&filter_include_remote=1&filter_career_discipline=Software+Engineering%2CApplied+Sciences
meta,https://www.metacareers.com/jobsearch?q=Software&sort_by_new=true&offices[0]=North%20America&roles[0]=Full%20time%20employment
apple,https://jobs.apple.com/en-us/search?sort=newest&location=united-states-USA
nvidia,https://nvidia.eightfold.ai/careers?query=Engineer&start=0&location=United+States&pid=893392900968&sort_by=timestamp&filter_include_remote=1&filter_job_category=engineering
oracle,https://careers.oracle.com/en/sites/jobsearch/jobs?keyword=Software&lastSelectedFacet=AttributeChar12&location=United+States&locationId=300000000149325&mode=location&selectedFlexFieldsFacets=%22AttributeChar29%7CIndividual+Contributor%7C%7CAttributeChar12%7CLess+than+10+applicants%22&selectedLocationsFacet=300000000149325&selectedPostingDatesFacet=7&sortBy=POSTING_DATES_DESC
salesforce,https://careers.salesforce.com/en/jobs/?search=engineer&country=United+States+of+America&team=Software+Engineering&team=Operations&type=Full+time&jobtype=New+Grads&jobtype=Regular&pagesize=150#results
accenture,https://www.accenture.com/us-en/careers/jobsearch?jk=engineer&sb=1&aoi=Cloud%7CSoftware%20Engineering%7CTechnology%7CEngineering%20%26%20Manufacturing&et=Full-time&jt=Early%20Career%7CMid-Level
kpmg,https://www.kpmguscareers.com/job-search/?keyword=engineer&location=&radius=50&career-level=&career-level-parents=Early%20Career%7CExperienced%7C&order=posted&practice-areas=&practice-areas-parents=&spage=1
goldmansachs,https://higher.gs.com/results?DIVISION=Engineering%20Division&LOCATION=Albany|New%20York|Atlanta|Boston|Chicago|Dallas|Houston|Richardson|Detroit|Jersey%20City|Los%20Angeles|Menlo%20Park|Newport%20Beach|San%20Francisco|Miami|West%20Palm%20Beach|Philadelphia|Pittsburgh|Salt%20Lake%20City|Seattle|Washington|Wilmington&page=1&sort=POSTED_DATE
doordash,https://careersatdoordash.com/job-search/?keyword=engineer&location=United%20States&intern=0&spage=1&sort=POSTED_DATE
airbnb,https://careers.airbnb.com/positions/?_search_input=engineer&_offices=united-states&_jobs_sort=updated_at
redhat,https://redhat.wd5.myworkdayjobs.com/jobs/?q=engineer&b=9819bf0148e54f89adb255aa7bead635&b=1486a0a4a8464c3b9ec482d4038deb99&b=fc77e3a1ab36487f9646d14f7242dd77&b=e0889a76c58d4fff9b54b80dadc49000&b=f620a79f2dc44473828b42881312de2b&b=9b56fe16bdf74b2cbad8b644cdf6015a&b=dec8eabbb13d45bdb159b8e25d896110&b=a83d6eabae3b49718c4ce09eeb66fd0b&b=ec3d210e4240442e99a28fa70419aec5&b=c66d738416b74fb180376cf59cc7ec8f
github,"https://www.github.careers/careers-home/jobs?keywords=engineer&sortBy=posted_date&descending=true&page=1&locations=,,United%20States&categories=Engineering&tags4=Experienced%20Professional%7CIntern"
visa,https://corporate.visa.com/en/jobs/?q=engineer&cities=Highlands%20Ranch&cities=Ashburn&cities=Atlanta&cities=Austin&cities=Bellevue&cities=Foster&cities=Foster%20City&cities=Los%20Angeles&cities=Miami&cities=New%20York&cities=Oakland&cities=San%20Francisco&cities=San%20Juan&cities=Washington&sortProperty=createdOn&sortOrder=DESC
hp,https://apply.hp.com/careers?start=0&location=United+states&pid=39731228&sort_by=timestamp&filter_include_remote=1&filter_job_category=software%2Cdata+%26+information+technology%2Cengineering+services
pinterest,https://www.pinterestcareers.com/jobs/?search=Engineer&location=Los+Angeles&location=New+York&location=New+York+City&location=Palo+Alto&location=San+Francisco&location=Atlanta&location=Chicago&location=Seattle&team=Engineering&type=Regular&pagesize=100#results
Lucid,https://job-boards.greenhouse.io/lucidmotors?offices%5B%5D=4026110007&departments%5B%5D=4056061007&departments%5B%5D=4025406007
AppliedMaterials,https://careers.appliedmaterials.com/careers?domain=appliedmaterials.com&triggerGoButton=false&start=0&pid=790313723162&sort_by=timestamp&filter_employee_type=assignee+%2F+regular%2Cnew+college+grad%2Cfixed+term+%28fixed+term%29&filter_department=Engineering%2CInformation+Technology&filter_time_type=full+time&filter_country=United+States+of+America&filter_seniority=Entry%2CMid-Level%2CSenior
T_Mobile,https://careers.t-mobile.com/?keyword=Engineer&filter%5Bcategory%5D%5B0%5D=Information%20Technology&filter%5Bcategory%5D%5B1%5D=Product%20Development&filter%5Bcategory%5D%5B2%5D=Technology&sort_by=update_date
Micron,https://careers.micron.com/careers?gad_source=1&gad_campaignid=23375819946&gbraid=0AAAAAC7sxFmHoEK9eUhgGug8rj8bxlr3s&gclid=Cj0KCQiAyvHLBhDlARIsAHxl6xrvuE7iFYGLnKoJcu-tdIgZAgJvXbrSdBIF88qo1KJg2Y6Pp9OKq2gaAgJcEALw_wcB&query=Engineer&start=0&location=United+States&pid=30868403&sort_by=timestamp&filter_include_remote=1&filter_department=Smart+MFG%2FAI%2CSTPG%2CDTPG%2CIT%2CHIG%2CFront+End&filter_seniority=2%2C1
Spotify,https://www.lifeatspotify.com/jobs?l=united-states-of-america-home-mix&l=sao-paulo&l=los-angeles&l=miami&l=boston&l=new-york&c=backend&c=client-c&c=data&c=developer-tools-infrastructure&c=engineering-leadership&c=machine-learning&c=mobile&c=network-engineering-it&c=security&c=tech-research&c=web&c=data-insights-leadership&c=data-science&c=machine-learning-data-research-insights&c=tech-research-data-research-insights&c=user-research
ServiceNow,https://careers.servicenow.com/jobs/?search=engineer&country=United+States&pagesize=50#results
